epoch,person,bicycle,car
0,0.00000,0.00000,0.00000
1,0.00000,0.00000,0.00000
2,0.00000,0.00000,0.00063
3,0.00000,0.00000,0.00177
4,0.00000,0.00000,0.00519
